Tweet,Target,Stance,Opinion Towards,Sentiment
The Climate Change people are disgusting assholes. Money transfer scheme for elite. May you rot. #SemST,Climate Change is a Real Concern,AGAINST,"1. The tweet explicitly expresses opinion about the target, a part of the target, or an aspect of the target.",neg
"BREAKING: This just in, an ocean wave just broke an inch further on the beach than normal! #SemST",Climate Change is a Real Concern,AGAINST,"1. The tweet explicitly expresses opinion about the target, a part of the target, or an aspect of the target.",neg
Climate change?! Explain the definition of climate change.. #fraud #CCOT #liberty #CruzCrew #SemST,Climate Change is a Real Concern,AGAINST,"1. The tweet explicitly expresses opinion about the target, a part of the target, or an aspect of the target.",neg
"Last time I checked, Al Gore is a politician, not a scientist.. #WCS15 #SemST",Climate Change is a Real Concern,AGAINST,"1. The tweet explicitly expresses opinion about the target, a part of the target, or an aspect of the target.",neg
I'm sick of celebrities who think being a well known actor makes them an authority on anything else. #robertredford #UN #SemST,Climate Change is a Real Concern,AGAINST,2. The tweet does NOT expresses opinion about the target but it HAS opinion about something or someone other than the target.,neg
[Man] cannot change the climate of any country; he adds no new element to the soil ~ Charles Darwin #anthropocene #SemST,Climate Change is a Real Concern,AGAINST,"1. The tweet explicitly expresses opinion about the target, a part of the target, or an aspect of the target.",neg
GlblWarmingNews And the tooth fairy might be causing kids to lose teeth! #carbontaxscam #Chemtrails #SemST,Climate Change is a Real Concern,AGAINST,"1. The tweet explicitly expresses opinion about the target, a part of the target, or an aspect of the target.",neg
tsgtalexander: GlblWarmingNews And the tooth fairy might be causing kids to lose teeth! #carbontaxscam #Chemtrails #SemST,Climate Change is a Real Concern,AGAINST,"1. The tweet explicitly expresses opinion about the target, a part of the target, or an aspect of the target.",neg
BrettGarrot: BrettGarrot: GlblWarmingNews And the tooth fairy might be causing kids to lose teeth! #carbontaxscam #Chemtrails #SemST,Climate Change is a Real Concern,AGAINST,"1. The tweet explicitly expresses opinion about the target, a part of the target, or an aspect of the target.",neg
When did CO2 become a dangerous pollutant that must be curtailed? What do you exhale again? #Iwantanswers #SemST,Climate Change is a Real Concern,AGAINST,"1. The tweet explicitly expresses opinion about the target, a part of the target, or an aspect of the target.",neg
If ther clmate change alarmists come out in sept this year and tell me this was the hottest winter on record ill go postal #SemST,Climate Change is a Real Concern,AGAINST,"1. The tweet explicitly expresses opinion about the target, a part of the target, or an aspect of the target.",neg
"We cant deny it, its really happening. #SemST",Climate Change is a Real Concern,FAVOR,"1. The tweet explicitly expresses opinion about the target, a part of the target, or an aspect of the target.",other
RT @cderworiz: Timelines are short. Strategy must be in place by climate change conference in Paris by December. #ableg #SemST,Climate Change is a Real Concern,FAVOR,"1. The tweet explicitly expresses opinion about the target, a part of the target, or an aspect of the target.",pos
@davidswann says he wants carbon fund to be spent on public transportation and renewable energy. #ejlive #ableg #SemST,Climate Change is a Real Concern,FAVOR,"3. The tweet is not explicitly expressing opinion. (For example, the tweet is simply giving information.)",other
Questions about the @LancetGH report? #asklancet tweet chat happening now! #actonclimate #ClimateHealth #SemST,Climate Change is a Real Concern,FAVOR,"1. The tweet explicitly expresses opinion about the target, a part of the target, or an aspect of the target.",other
@ChrisLeinberger : change from #drivable to #walkable = #1 benefit 4 #APANE2015 #SemST,Climate Change is a Real Concern,FAVOR,"1. The tweet explicitly expresses opinion about the target, a part of the target, or an aspect of the target.",pos
"Our amazing #ESS15 panel @gkremen, @SuffolkBuilds, @maxfieldweiss & @Oakland on how to prepare & protect #BayArea region from #SemST",Climate Change is a Real Concern,FAVOR,"1. The tweet explicitly expresses opinion about the target, a part of the target, or an aspect of the target.",pos
srsly weirds me out i have to wear #sunscreen for the morning #dogwalk getting a #tan at 9am? #wtf #SemST,Climate Change is a Real Concern,FAVOR,"1. The tweet explicitly expresses opinion about the target, a part of the target, or an aspect of the target.",neg
There use to be a glacier on the equator. #SemST,Climate Change is a Real Concern,FAVOR,"1. The tweet explicitly expresses opinion about the target, a part of the target, or an aspect of the target.",other
#PathtoPositive #LA region's green leaders United to find local solutions to #LACityHall #SemST,Climate Change is a Real Concern,FAVOR,"1. The tweet explicitly expresses opinion about the target, a part of the target, or an aspect of the target.",pos
@MonsterMarcia Kudos to these young people! Next generation of activists! #OnlyOneEarth #SemST,Climate Change is a Real Concern,FAVOR,"1. The tweet explicitly expresses opinion about the target, a part of the target, or an aspect of the target.",pos
"Macro problems face us all, but people focus on micro problems because they are within our immediate power to fix #SemST",Climate Change is a Real Concern,FAVOR,"1. The tweet explicitly expresses opinion about the target, a part of the target, or an aspect of the target.",neg
Drought effects spreading in western NorAm and BC Gov't will destroy prime farmland to enable more #LNG #SiteC #bcpoli #SemST,Climate Change is a Real Concern,FAVOR,"1. The tweet explicitly expresses opinion about the target, a part of the target, or an aspect of the target.",neg
@RegimeChangeBC @ndnstyl It's sad to be the last generation that could change but does nothing. #Auspol #SemST,Climate Change is a Real Concern,FAVOR,"1. The tweet explicitly expresses opinion about the target, a part of the target, or an aspect of the target.",neg
Thank you @GreenpeaceNZ for getting out there yesterday and highlighting one of the most important issues we are facing. #SemST,Climate Change is a Real Concern,FAVOR,"1. The tweet explicitly expresses opinion about the target, a part of the target, or an aspect of the target.",pos
"Isn't CO2 impact on warming logarithmic, and at current levels, 390 ppm, incremental impact negligible? #NDP #SemST",Climate Change is a Real Concern,FAVOR,"1. The tweet explicitly expresses opinion about the target, a part of the target, or an aspect of the target.",neg
Is the new Pahiatua plant going to be primarily coalfired? Large companies like @Fonterra should be taking the lead against #SemST,Climate Change is a Real Concern,FAVOR,"1. The tweet explicitly expresses opinion about the target, a part of the target, or an aspect of the target.",other
#Mission:#Climate @ home > Buy drinking water & soda in big bottles... #Tip #SemST,Climate Change is a Real Concern,FAVOR,"1. The tweet explicitly expresses opinion about the target, a part of the target, or an aspect of the target.",pos
"When debunking climate myths: fight sticky myths with stickier facts, mention the myth and explain the fallacy! #SemST",Climate Change is a Real Concern,FAVOR,"1. The tweet explicitly expresses opinion about the target, a part of the target, or an aspect of the target.",neg
@MarkRuffalo @flea333 @kellyslater unfortunate how USA refuses to take seriously damage we're responsible for #SaveTheEarth #SemST,Climate Change is a Real Concern,FAVOR,"1. The tweet explicitly expresses opinion about the target, a part of the target, or an aspect of the target.",neg
Why all talks #Rainforests? 1/6 of the World Russia is not less important ! #DoctorCarbon Advocate #sustainability ! #SemST,Climate Change is a Real Concern,FAVOR,"1. The tweet explicitly expresses opinion about the target, a part of the target, or an aspect of the target.",neg
A lot of damage is being done every day. But we are going to win this. #yrcannes #CannesLions #SemST,Climate Change is a Real Concern,FAVOR,"1. The tweet explicitly expresses opinion about the target, a part of the target, or an aspect of the target.",pos
"RT @transitionlouth: @BP_plc We need degrowth - stop destroying our planet, BP. #SemST",Climate Change is a Real Concern,FAVOR,"1. The tweet explicitly expresses opinion about the target, a part of the target, or an aspect of the target.",neg
 taking a stand to preserve traditional sea levels' #SemST,Climate Change is a Real Concern,FAVOR,"1. The tweet explicitly expresses opinion about the target, a part of the target, or an aspect of the target.",pos
"With no rain in the next 5 days, it would have been the driest June in #Santiago de #Chile in morden history. #SemST",Climate Change is a Real Concern,FAVOR,"1. The tweet explicitly expresses opinion about the target, a part of the target, or an aspect of the target.",other
"@SenWhitehouse "" Dr. David Legates of the University of Delaware explain....higher temperatures lead to higher levels of CO2 #SemST",Climate Change is a Real Concern,FAVOR,"1. The tweet explicitly expresses opinion about the target, a part of the target, or an aspect of the target.",other
"Politics, Religion, Race; we are so busy killing & hurting each other, Earth dries up & we will all die anyway. #drought #SemST",Climate Change is a Real Concern,FAVOR,"1. The tweet explicitly expresses opinion about the target, a part of the target, or an aspect of the target.",neg
So #Christian s... Without beaches what is your God going to make sand people out of? #RisingSeaLevel #SemST,Climate Change is a Real Concern,FAVOR,"1. The tweet explicitly expresses opinion about the target, a part of the target, or an aspect of the target.",neg
"I don't want to be ""that guy"" but can we now make ""climate change denier marriage"" illegal? #MarriageEquaility #Idea #SemST",Climate Change is a Real Concern,FAVOR,"1. The tweet explicitly expresses opinion about the target, a part of the target, or an aspect of the target.",neg
(2/2) 300 words and be sent to climateconference2015@gmail.com #sustainability #sustainabledevelopment #SemST,Climate Change is a Real Concern,FAVOR,"1. The tweet explicitly expresses opinion about the target, a part of the target, or an aspect of the target.",other
@_A___L___I_ well they should! Why do you think people in Karachi r dying? because we don't care about our environment! #SemST,Climate Change is a Real Concern,FAVOR,"1. The tweet explicitly expresses opinion about the target, a part of the target, or an aspect of the target.",neg
Eating a cow is 9x worse than eating a chicken in terms of CO2 emissions. #SemST,Climate Change is a Real Concern,FAVOR,"1. The tweet explicitly expresses opinion about the target, a part of the target, or an aspect of the target.",neg
"When the Last Tree Is Cut Down, the Last Fish Eaten & the Last Stream Poisoned, You Will Realize That You Cannot Eat Money #SemST",Climate Change is a Real Concern,FAVOR,2. The tweet does NOT expresses opinion about the target but it HAS opinion about something or someone other than the target.,neg
@annbritton @NicolleFlint @guinnipig time will prove who's right. #disease #drought #obesity #SemST,Climate Change is a Real Concern,FAVOR,"1. The tweet explicitly expresses opinion about the target, a part of the target, or an aspect of the target.",pos
"#FF @YebSano, @Alex_Verbeek, @AboutREnergy, @ClimateThing, & @Recycle2Print. Work for a #green energy future. #SemST",Climate Change is a Real Concern,FAVOR,"1. The tweet explicitly expresses opinion about the target, a part of the target, or an aspect of the target.",pos
"#FF @CarbonTaxCenter, @ProtecThePlanet, @WCSMyanmar, @ClimateWise2015, & @Pragmactivist99. Work for a #green energy future. #SemST",Climate Change is a Real Concern,FAVOR,"1. The tweet explicitly expresses opinion about the target, a part of the target, or an aspect of the target.",pos
#Mission:#Climate @ home > Wrap your water heater in an insulation blanket #Tip #ActOnClimate #SemST,Climate Change is a Real Concern,FAVOR,"1. The tweet explicitly expresses opinion about the target, a part of the target, or an aspect of the target.",pos
@DrOakley1689 @PhxApologetics Maybe they just misused their resources and their societies collapsed #deforestation #SemST,Climate Change is a Real Concern,FAVOR,"1. The tweet explicitly expresses opinion about the target, a part of the target, or an aspect of the target.",neg
It's hotter in Oregon then it is in California right now. #SemST,Climate Change is a Real Concern,FAVOR,"1. The tweet explicitly expresses opinion about the target, a part of the target, or an aspect of the target.",other
the #KarachiHeatWave death toll climbs to 1210 deaths in 5 days #carbonemissions #SemST,Climate Change is a Real Concern,FAVOR,"1. The tweet explicitly expresses opinion about the target, a part of the target, or an aspect of the target.",neg
".@msimire says children, women, elderly people especially at risk to health impacts of #ClimateReporting2015 #SemST",Climate Change is a Real Concern,FAVOR,"1. The tweet explicitly expresses opinion about the target, a part of the target, or an aspect of the target.",neg
#Mission:#Climate @ home > Opt for reusable bags instead of plastic bags (by @gaiam) #Tip #ActOnClimate #SemST,Climate Change is a Real Concern,FAVOR,"1. The tweet explicitly expresses opinion about the target, a part of the target, or an aspect of the target.",pos
RT @zerofootprint: RT @ClimateReality: #ClimateFact India may stand to lose 1.8% of its annual GDP by 2050 due to #SemST,Climate Change is a Real Concern,FAVOR,"1. The tweet explicitly expresses opinion about the target, a part of the target, or an aspect of the target.",other
At 2C increase we're expecting 20-30% species at risk of #extinction Rosina Bierbaum #CambioClimtico #SemST,Climate Change is a Real Concern,FAVOR,"1. The tweet explicitly expresses opinion about the target, a part of the target, or an aspect of the target.",neg
Oh my lord! So hot and humid for few days now. Can u stop cutting trees and cut down ur emissions World??? #SavetheWorld #SemST,Climate Change is a Real Concern,FAVOR,"1. The tweet explicitly expresses opinion about the target, a part of the target, or an aspect of the target.",neg
Did u know th #SCOTUS is 2 Decide If #Coal Plants Can Keep #Emitting Unlimited #Mercury 2 r atmosphere? #POTUS #Gop #Justices #SemST,Climate Change is a Real Concern,FAVOR,"1. The tweet explicitly expresses opinion about the target, a part of the target, or an aspect of the target.",other
Is there a breeze i can catch Lakefront or will I die of a heat stroke there as well? #heatstroke #SemST,Climate Change is a Real Concern,FAVOR,"1. The tweet explicitly expresses opinion about the target, a part of the target, or an aspect of the target.",neg
Fossil fuel divestment won't necessarily stop climate change but it is a step in the right direction. #keepitintheground #SemST,Climate Change is a Real Concern,FAVOR,"1. The tweet explicitly expresses opinion about the target, a part of the target, or an aspect of the target.",pos
loud ass thunder and three seconds of rain here #thanksobama #SemST,Climate Change is a Real Concern,FAVOR,"1. The tweet explicitly expresses opinion about the target, a part of the target, or an aspect of the target.",neg
When your wearing sweaters in the summer #SemST,Climate Change is a Real Concern,FAVOR,"1. The tweet explicitly expresses opinion about the target, a part of the target, or an aspect of the target.",neg
A changing planet: 4 places where climate change is taking its toll #SemST,Climate Change is a Real Concern,FAVOR,"1. The tweet explicitly expresses opinion about the target, a part of the target, or an aspect of the target.",neg
"I'm blowing AC with the top off, in the middle of the night, in Oregon.. #SemST",Climate Change is a Real Concern,FAVOR,"1. The tweet explicitly expresses opinion about the target, a part of the target, or an aspect of the target.",other
#seattle 72 degrees. Trying to sleep with industrial fan--sounds like choppers are circling the house. #HeatWave #SemST,Climate Change is a Real Concern,FAVOR,"1. The tweet explicitly expresses opinion about the target, a part of the target, or an aspect of the target.",neg
RT varunkr842: #Please_Save_Trees for our own #Survival to fight #Saveourplanet #SemST,Climate Change is a Real Concern,FAVOR,"1. The tweet explicitly expresses opinion about the target, a part of the target, or an aspect of the target.",pos
"Raining again then Im sure, it wi suddenly get warm again right after. #SemST",Climate Change is a Real Concern,FAVOR,"1. The tweet explicitly expresses opinion about the target, a part of the target, or an aspect of the target.",neg
#Mission:#Climate @ home > Move your thermostat down 2C in winter and up 2C in summer #Tip #DoYourPart #SemST,Climate Change is a Real Concern,FAVOR,"1. The tweet explicitly expresses opinion about the target, a part of the target, or an aspect of the target.",pos
@RileyRoder And yet James Inhofe tells us that global warming isn't real. #SemST,Climate Change is a Real Concern,FAVOR,"1. The tweet explicitly expresses opinion about the target, a part of the target, or an aspect of the target.",neg
.@quinn43 Thanks for the follow. Check out CCL for solutions. #solutions #citizensclimatelobby2015 #SemST,Climate Change is a Real Concern,FAVOR,"1. The tweet explicitly expresses opinion about the target, a part of the target, or an aspect of the target.",pos
Bought media = advertising. Earned media = #socialmedia. Real causes do not have #botfollowers #environment #CrueltyFree #SemST,Climate Change is a Real Concern,FAVOR,2. The tweet does NOT expresses opinion about the target but it HAS opinion about something or someone other than the target.,neg
5-6 inches of rain in a day & from next day there is no rain at all. Temperature reaches 39 C in #Ahmedabad. #environment #SemST,Climate Change is a Real Concern,FAVOR,"1. The tweet explicitly expresses opinion about the target, a part of the target, or an aspect of the target.",other
GA: AIW Support Strong Compass. Global Climate Agreement: passed #uuaga #SemST,Climate Change is a Real Concern,FAVOR,"1. The tweet explicitly expresses opinion about the target, a part of the target, or an aspect of the target.",other
The last thing #Australia or the world needs are 2 more vast earth destroying #coal mines! Let's get real and fight #auspol #SemST,Climate Change is a Real Concern,FAVOR,"1. The tweet explicitly expresses opinion about the target, a part of the target, or an aspect of the target.",neg
Enjoying watching Sir David Attenborough and Obama talk about climate change mitigation #LoveNature #SemST,Climate Change is a Real Concern,FAVOR,"1. The tweet explicitly expresses opinion about the target, a part of the target, or an aspect of the target.",pos
"Attenborough: 'The real problem is global' i.e. not just me, or you, but us #SemST",Climate Change is a Real Concern,FAVOR,"1. The tweet explicitly expresses opinion about the target, a part of the target, or an aspect of the target.",neg
Regards Dion #peace to you & all #including into the #future on a clearly #known to be #finiteinnatureplanet outta here gone #SemST,Climate Change is a Real Concern,FAVOR,"1. The tweet explicitly expresses opinion about the target, a part of the target, or an aspect of the target.",pos
We support Australia's Climate Roundtable which is providing a framework for sensible debate ahead of Paris @COP21 #SemST,Climate Change is a Real Concern,FAVOR,"1. The tweet explicitly expresses opinion about the target, a part of the target, or an aspect of the target.",pos
"If you say climate change is a myth, you may want to become a fantasy author since you already live in an alternate reality. #SemST",Climate Change is a Real Concern,FAVOR,"1. The tweet explicitly expresses opinion about the target, a part of the target, or an aspect of the target.",neg
RT @abhinav_khanal: 700 people dead in Pakistan due to heatwave. #SemST,Climate Change is a Real Concern,FAVOR,"3. The tweet is not explicitly expressing opinion. (For example, the tweet is simply giving information.)",neg
"At what point do we rename summer ""The Rainy Season""? #Cdnpoli #SemST",Climate Change is a Real Concern,FAVOR,"1. The tweet explicitly expresses opinion about the target, a part of the target, or an aspect of the target.",other
Inland so cal has been hot and humid all day. This seems to be our summers - muggy. So strange. #SemST,Climate Change is a Real Concern,FAVOR,"3. The tweet is not explicitly expressing opinion. (For example, the tweet is simply giving information.)",neg
#Mission:#Climate @ home > Purchase green power (if available) (by @EPA) #Tip #SemST,Climate Change is a Real Concern,FAVOR,"1. The tweet explicitly expresses opinion about the target, a part of the target, or an aspect of the target.",other
A Dutch court has ruled that the gov must cut emissions under human rights law! Interesting. #climatejustice2015 #SemST,Climate Change is a Real Concern,FAVOR,"1. The tweet explicitly expresses opinion about the target, a part of the target, or an aspect of the target.",pos
Good luck @solarimpulse for #Flight8. You will do it @andreborschberg ! #solar #solarimpulse #ActOnClimate #SemST,Climate Change is a Real Concern,FAVOR,"1. The tweet explicitly expresses opinion about the target, a part of the target, or an aspect of the target.",pos
Population growth is only a problem because humans treat the earth like shit. #govegan #environment #SemST,Climate Change is a Real Concern,FAVOR,"1. The tweet explicitly expresses opinion about the target, a part of the target, or an aspect of the target.",neg
John Watterson is attending IPPC meeting to help shape the future of international greenhouse gas emission estimation methods #SemST,Climate Change is a Real Concern,FAVOR,"1. The tweet explicitly expresses opinion about the target, a part of the target, or an aspect of the target.",pos
@popupincubator #innovation of super converter on fishing boat w/ no more use of fossil fuel is looking for funding scheme in #SemST,Climate Change is a Real Concern,FAVOR,"1. The tweet explicitly expresses opinion about the target, a part of the target, or an aspect of the target.",pos
Anyone else agree we should switch to concrete? + Them new snazzy self-lit roads in Netherlands! #ElectricitySaving #Autobahn #SemST,Climate Change is a Real Concern,FAVOR,"1. The tweet explicitly expresses opinion about the target, a part of the target, or an aspect of the target.",pos
"All eyes on China, reports @ClimateNexus - plan building on agreement with US re: #emissions expected soon #cop21 #ghg #SemST",Climate Change is a Real Concern,FAVOR,"3. The tweet is not explicitly expressing opinion. (For example, the tweet is simply giving information.)",other
"Reading: ""The Whale and the Supercomputer. On the Northern Front of Climate Change"" by Charles Wohlforth #arctic #SemST",Climate Change is a Real Concern,FAVOR,"3. The tweet is not explicitly expressing opinion. (For example, the tweet is simply giving information.)",pos
#Mission:#Climate @ home > Wash laundry in cold water (by @ETPowerlines) #Tip #DoYourPart #SemST,Climate Change is a Real Concern,FAVOR,"1. The tweet explicitly expresses opinion about the target, a part of the target, or an aspect of the target.",pos
Today the kingdom of Bahrain participates in the High-level Event on Climate Change at the @un #UN70 #SemST,Climate Change is a Real Concern,FAVOR,"1. The tweet explicitly expresses opinion about the target, a part of the target, or an aspect of the target.",other
"Monsignor Sanchez Sorondo: ""Earth is sick. We need to heal it. #SemST",Climate Change is a Real Concern,FAVOR,"1. The tweet explicitly expresses opinion about the target, a part of the target, or an aspect of the target.",neg
Can we build #thorium #LFTR now. Before its 200 degrees during summer. #MyACSucks #SemST,Climate Change is a Real Concern,FAVOR,"1. The tweet explicitly expresses opinion about the target, a part of the target, or an aspect of the target.",neg
what is at stake is the survival of our and next generation - Indigenous People Youth #UNGA #Action2015 #COP21 #SemST,Climate Change is a Real Concern,FAVOR,"1. The tweet explicitly expresses opinion about the target, a part of the target, or an aspect of the target.",neg
Stress on #water resources threatens lives and livelihoods #anthropoceneage #sustainability #SemST,Climate Change is a Real Concern,FAVOR,"1. The tweet explicitly expresses opinion about the target, a part of the target, or an aspect of the target.",neg
. @JanezPotocnik22:The EU is spending the 300 billion collected through environmental tax on fossil fuel subsidies #Almedalen #SemST,Climate Change is a Real Concern,FAVOR,"1. The tweet explicitly expresses opinion about the target, a part of the target, or an aspect of the target.",other
"#SCOTUS, We need to force #power #plants To cut #emissions of #mercury and other #air pollutants asap! #POTUS #EPA #Justices #SemST",Climate Change is a Real Concern,FAVOR,"1. The tweet explicitly expresses opinion about the target, a part of the target, or an aspect of the target.",neg
The ruling by @Scotus is a major setback for @EPA & the environment. #dirtycoal #SemST,Climate Change is a Real Concern,FAVOR,"1. The tweet explicitly expresses opinion about the target, a part of the target, or an aspect of the target.",neg
@NZStuffBusiness Time to change the Government! #fracking #C02 #methane #pollution #cancer #health #earthquake #water #leaks #SemST,Climate Change is a Real Concern,FAVOR,"1. The tweet explicitly expresses opinion about the target, a part of the target, or an aspect of the target.",neg
@suzyji @climatedepot Great news to arrest a regulatory agency's flagrant over reach. Pathetic how little #EPA knows of #SemST,Climate Change is a Real Concern,FAVOR,"1. The tweet explicitly expresses opinion about the target, a part of the target, or an aspect of the target.",neg
I can literally sense the global warming NOW. #SemST,Climate Change is a Real Concern,FAVOR,"1. The tweet explicitly expresses opinion about the target, a part of the target, or an aspect of the target.",neg
@stiNgo100 Weather patterns evolving very differently over the last few years.. #SemST,Climate Change is a Real Concern,FAVOR,"1. The tweet explicitly expresses opinion about the target, a part of the target, or an aspect of the target.",other
Coldest and wettest summer in memory. #mosquitoes #mowtwiceaweek #brrrr #SemST,Climate Change is a Real Concern,FAVOR,"1. The tweet explicitly expresses opinion about the target, a part of the target, or an aspect of the target.",neg
"Being an engaged mom, means voting 4 the climate 2. Supporting only candidates who have a plan 2 act on #playin4climate #SemST",Climate Change is a Real Concern,FAVOR,"1. The tweet explicitly expresses opinion about the target, a part of the target, or an aspect of the target.",pos
We could do something...the question is will we says @PaulREhrlich #sustainability #SemST,Climate Change is a Real Concern,FAVOR,"1. The tweet explicitly expresses opinion about the target, a part of the target, or an aspect of the target.",other
"It doesn't simply rain in Houston anymore, it storms. #SemST",Climate Change is a Real Concern,FAVOR,"1. The tweet explicitly expresses opinion about the target, a part of the target, or an aspect of the target.",neg
I don't care why the globe is warming. I just want to stop it before there is irreparable harm #fuckpolitics #sciencerules #SemST,Climate Change is a Real Concern,FAVOR,"1. The tweet explicitly expresses opinion about the target, a part of the target, or an aspect of the target.",neg
World Futures Council man at #fsds15 points out absurdity of cost benefit analysis discounting future lives #sustainability #SemST,Climate Change is a Real Concern,FAVOR,"1. The tweet explicitly expresses opinion about the target, a part of the target, or an aspect of the target.",neg
Last Thursday Lake Mead (the largest U.S. reservoir) had the lowest water level reported since 1937 #HistoryInTheMaking #SemST,Climate Change is a Real Concern,FAVOR,"1. The tweet explicitly expresses opinion about the target, a part of the target, or an aspect of the target.",neg
56. Here we see how environmental deterioration and human & ethical degradation are closely linked. #LaudatoSi #environment #SemST,Climate Change is a Real Concern,FAVOR,"1. The tweet explicitly expresses opinion about the target, a part of the target, or an aspect of the target.",neg
"Obamacare ""Doctors Should Warn Global Warmin cud Make Patients' Health Worse"" #Obama #PresidentObama #WhiteHouse #SemST",Climate Change is a Real Concern,FAVOR,"1. The tweet explicitly expresses opinion about the target, a part of the target, or an aspect of the target.",neg
Disappointed that we are basing decisions about our very real planet on a man made currency system. #SCOTUS #EPA #SemST,Climate Change is a Real Concern,FAVOR,"1. The tweet explicitly expresses opinion about the target, a part of the target, or an aspect of the target.",neg
"#AskRobertRedford Beyond the national level, what can be done on the individual level to mitigate the effects of #SemST",Climate Change is a Real Concern,FAVOR,"1. The tweet explicitly expresses opinion about the target, a part of the target, or an aspect of the target.",other
"@DalydeGagne @2010redmittens Canada alone needs 2 invest $60 billion a year, paid for by efficiency #cdnpoli #environment #SemST",Climate Change is a Real Concern,FAVOR,"1. The tweet explicitly expresses opinion about the target, a part of the target, or an aspect of the target.",other
#COP21 can succeed or fail. If humankind wants to survive something must be done not for nature but for humans. Simple. #SemST,Climate Change is a Real Concern,FAVOR,"1. The tweet explicitly expresses opinion about the target, a part of the target, or an aspect of the target.",pos
@EcoWatch RobertRedford + Pope say time is now. GreenNH3 is ready to roll. We all want machines. What is holdup ? #pollution #SemST,Climate Change is a Real Concern,FAVOR,"1. The tweet explicitly expresses opinion about the target, a part of the target, or an aspect of the target.",neg
Sir David Attenborough and @BarackObama dissgussing the planet future. The room doesn't get any better than this. #SemST,Climate Change is a Real Concern,FAVOR,"1. The tweet explicitly expresses opinion about the target, a part of the target, or an aspect of the target.",pos
"Need to separate natural disasters from man made disasters, emphasise polluter pays,and need for loss and damage. #TuvaluPM #SemST",Climate Change is a Real Concern,FAVOR,"1. The tweet explicitly expresses opinion about the target, a part of the target, or an aspect of the target.",neg
@Icicle167 OK yeah that's bad... but Vancouver literally never used to get this hot #laudatosi' #SemST,Climate Change is a Real Concern,FAVOR,2. The tweet does NOT expresses opinion about the target but it HAS opinion about something or someone other than the target.,neg
"Feeling like #SCOTUS got it right, right, right ... then very wrong. Sigh. #Climatedenial #SemST",Climate Change is a Real Concern,FAVOR,"1. The tweet explicitly expresses opinion about the target, a part of the target, or an aspect of the target.",neg
#Northwest #HeatWave continues. First time. Ever. My tomato plants have fruit. In JUNE! #Oregon #Organic #SemST,Climate Change is a Real Concern,FAVOR,"1. The tweet explicitly expresses opinion about the target, a part of the target, or an aspect of the target.",pos
Every human commits original sin with it's first outbreath of CO2. Mankind is fallen. #bible #SemST,Climate Change is a Real Concern,FAVOR,"1. The tweet explicitly expresses opinion about the target, a part of the target, or an aspect of the target.",neg
And Onan cast his CO2 into the atmosphere and committed the sin of emission #bible #SemST,Climate Change is a Real Concern,FAVOR,"1. The tweet explicitly expresses opinion about the target, a part of the target, or an aspect of the target.",neg
As the world emitted CO2 water vapour built up in the atmosphere and caused the Lord to send the flood in retribution #bible #SemST,Climate Change is a Real Concern,FAVOR,"1. The tweet explicitly expresses opinion about the target, a part of the target, or an aspect of the target.",neg
"#Mission:#Climate @ home > Pass your magazines on to a friend, hospital, library, or nursing home. (by @gaiam) #Tip #SemST",Climate Change is a Real Concern,FAVOR,"1. The tweet explicitly expresses opinion about the target, a part of the target, or an aspect of the target.",pos
"We Aren't The Dinosaurs, We're The Asteroid. #earth #extinction #SemST",Climate Change is a Real Concern,FAVOR,"1. The tweet explicitly expresses opinion about the target, a part of the target, or an aspect of the target.",neg
#Mission:#Climate on the road > Drive less (by @greengoddess892) #Tip #ImpactIsReal #SemST,Climate Change is a Real Concern,FAVOR,"1. The tweet explicitly expresses opinion about the target, a part of the target, or an aspect of the target.",pos
Look out for the hashtag #UKClimate2015 for news today on how the UK is doing in both reducing emissions and adapting to #SemST,Climate Change is a Real Concern,FAVOR,"1. The tweet explicitly expresses opinion about the target, a part of the target, or an aspect of the target.",pos
Pupils in P5-7 from Lincluden Primary are participating in Carbon Busters Project 2015-2016! #LearningForSustainability #SemST,Climate Change is a Real Concern,FAVOR,"1. The tweet explicitly expresses opinion about the target, a part of the target, or an aspect of the target.",pos
"Around 1500 new homes being built every year in England in areas at high risk of #floods, adding to risk from #UKClimate2015 #SemST",Climate Change is a Real Concern,FAVOR,"1. The tweet explicitly expresses opinion about the target, a part of the target, or an aspect of the target.",neg
"Top-down approach is not only the solution , global governments must act together with global community against #SemST",Climate Change is a Real Concern,FAVOR,"1. The tweet explicitly expresses opinion about the target, a part of the target, or an aspect of the target.",neg
How did the #GreatBarrierReef look to you compared to when you dived it 60 years ago? @POTUS #Attenborough @ForeignOfficial #SemST,Climate Change is a Real Concern,FAVOR,"1. The tweet explicitly expresses opinion about the target, a part of the target, or an aspect of the target.",other
#Mission:#Climate @ home > Simplify (by @BeZeroWaste) #Tip #DoYourPart #SemST,Climate Change is a Real Concern,FAVOR,"1. The tweet explicitly expresses opinion about the target, a part of the target, or an aspect of the target.",pos
"Clean technology, this is your moment #innovation #technology #davidattenboroughismyhero #SemST",Climate Change is a Real Concern,FAVOR,"1. The tweet explicitly expresses opinion about the target, a part of the target, or an aspect of the target.",pos
@Attenborough_D states the media needs to promote the damage of climate change. How bout you #Bolt? #ForeignCorrespondent #SemST,Climate Change is a Real Concern,FAVOR,"1. The tweet explicitly expresses opinion about the target, a part of the target, or an aspect of the target.",neg
Water temperature off the Atlantic coast is in the 80s in June. We are like proverbial frogs in boiling water #climate #SemST,Climate Change is a Real Concern,FAVOR,"1. The tweet explicitly expresses opinion about the target, a part of the target, or an aspect of the target.",neg
"The #greatman @BarackObama met #greatman David Attenborough & change seems possible, attainable. Listen up! #Attenborobama #SemST",Climate Change is a Real Concern,FAVOR,"1. The tweet explicitly expresses opinion about the target, a part of the target, or an aspect of the target.",pos
"Obama & Attenborough brilliant, heart felt & honest Why can't we have such a discussion here in Oz #renewables #abc #auspol #SemST",Climate Change is a Real Concern,FAVOR,"1. The tweet explicitly expresses opinion about the target, a part of the target, or an aspect of the target.",pos
Scary stat of the day: 7% of the area of urban greenspace in England has been lost since 2001 @theCCCuk #SemST,Climate Change is a Real Concern,FAVOR,"1. The tweet explicitly expresses opinion about the target, a part of the target, or an aspect of the target.",neg
What can young people do about climate change? @ChangeAgentSA @Gen_Earth @EllaBellaC @missearth_sa #youth #SemST,Climate Change is a Real Concern,FAVOR,"1. The tweet explicitly expresses opinion about the target, a part of the target, or an aspect of the target.",other
#Tolerance... I wonder how much more #Mother #Earth has at #methodology levels re our #capitalistic #ideologies? #SemST,Climate Change is a Real Concern,FAVOR,"1. The tweet explicitly expresses opinion about the target, a part of the target, or an aspect of the target.",neg
.@MexONU : #GreenClimateFund projects must be long-lasting & lay the groundwork for low-carbon development economic models #SemST,Climate Change is a Real Concern,FAVOR,"1. The tweet explicitly expresses opinion about the target, a part of the target, or an aspect of the target.",pos
@JustinTrudeau @RethinkFusion @terrybeech @adamjpankratz @JonathanWNV #EngineeringInnovation. Future Green Tech to deal with #SemST,Climate Change is a Real Concern,FAVOR,"1. The tweet explicitly expresses opinion about the target, a part of the target, or an aspect of the target.",pos
if this heat is killing me i don't wanna know what the poor polar bears are going through right now #SemST,Climate Change is a Real Concern,FAVOR,"1. The tweet explicitly expresses opinion about the target, a part of the target, or an aspect of the target.",neg
WHEN THE WELL IS DRY WE KNOW THE VALUE OF #WATER: Ben Franklin #ActOnClimate #EPA #SemST,Climate Change is a Real Concern,FAVOR,"1. The tweet explicitly expresses opinion about the target, a part of the target, or an aspect of the target.",other
"Yo if you live in the United States right now, and do not believe in Global Climate Change, you're a fucking idiot. #fact #SemST",Climate Change is a Real Concern,FAVOR,"1. The tweet explicitly expresses opinion about the target, a part of the target, or an aspect of the target.",neg
#heatstroke in Sind & Rajasthan temperature Incresng in frozen areas #earthquake rain shower reduced A massive climate change #SemST,Climate Change is a Real Concern,FAVOR,"1. The tweet explicitly expresses opinion about the target, a part of the target, or an aspect of the target.",other
It's so unfortunate that the systematic destruction of our planet is merely seen to some as a political issue. #SemST,Climate Change is a Real Concern,FAVOR,"1. The tweet explicitly expresses opinion about the target, a part of the target, or an aspect of the target.",neg
There are a lot of things that need to be done. But first should be changing our mindset. #WaterManagement #SemST,Climate Change is a Real Concern,FAVOR,2. The tweet does NOT expresses opinion about the target but it HAS opinion about something or someone other than the target.,neg
@osteomath @capitalweather Funny how you all of a sudden refer to him as a weatherman now #climatechange...weather. #SemST,Climate Change is a Real Concern,FAVOR,"1. The tweet explicitly expresses opinion about the target, a part of the target, or an aspect of the target.",neg
"Not to worry, sediment cores prove shellfish & coral will recover in just 160,000 years. #oilandgas #rbe #tvp #SemST",Climate Change is a Real Concern,FAVOR,"1. The tweet explicitly expresses opinion about the target, a part of the target, or an aspect of the target.",other
Have never been so outrageously grateful for a slight cool breeze drifting over my body. Is this the future? #nakedtimes #SemST,Climate Change is a Real Concern,FAVOR,"1. The tweet explicitly expresses opinion about the target, a part of the target, or an aspect of the target.",pos
"Hey @DrAnthonyLynham, please reject the Adani Carmichael #coal mine and Abbot Point. Our Reef and climate are at risk! #GBR #SemST",Climate Change is a Real Concern,FAVOR,"1. The tweet explicitly expresses opinion about the target, a part of the target, or an aspect of the target.",neg
Tornado warnings for the UK this weekend. And the government still chooses to ignore global warming #ukweather #SemST,Climate Change is a Real Concern,FAVOR,"1. The tweet explicitly expresses opinion about the target, a part of the target, or an aspect of the target.",neg
#MainauDeclaration2015.....lets push the Agenga worldwide without any fear #climatejustice2015 #SemST,Climate Change is a Real Concern,FAVOR,"1. The tweet explicitly expresses opinion about the target, a part of the target, or an aspect of the target.",pos
#MainauDeclaration2015 60 years later..#LiNo15 Laureates and young scientists say it is time to act #SemST,Climate Change is a Real Concern,FAVOR,"1. The tweet explicitly expresses opinion about the target, a part of the target, or an aspect of the target.",other
. @PSaintAmans Well-designed tax policies can help fix a number of environmental issues #ITDconf #COP21 #SemST,Climate Change is a Real Concern,FAVOR,"1. The tweet explicitly expresses opinion about the target, a part of the target, or an aspect of the target.",pos
Just read Scalia's idiotic opinion overturning the EPA's carbon emissions limits. Planning to spend day in a seething rage. #SemST,Climate Change is a Real Concern,FAVOR,2. The tweet does NOT expresses opinion about the target but it HAS opinion about something or someone other than the target.,neg
(1/2) Poisoning of the #Biosphere cannot be dealt with by free market economics; #TaxWallStreet #Environment #GMO #SemST,Climate Change is a Real Concern,FAVOR,"1. The tweet explicitly expresses opinion about the target, a part of the target, or an aspect of the target.",neg
Everyone is busy building their bank accounts but one day that paper won't help you during massive natural calamities. #SemST,Climate Change is a Real Concern,FAVOR,2. The tweet does NOT expresses opinion about the target but it HAS opinion about something or someone other than the target.,neg
"Second heatwave hits NA NW popping up everywhere, and floods too, record wildfires in canada, what a mess, time up! #SemST",Climate Change is a Real Concern,FAVOR,"1. The tweet explicitly expresses opinion about the target, a part of the target, or an aspect of the target.",neg
We're growing vegetables at home. Tell your friends and followers what you're doing for climate! #myChangeForClimate #SemST,Climate Change is a Real Concern,FAVOR,"1. The tweet explicitly expresses opinion about the target, a part of the target, or an aspect of the target.",pos
"LED lights, water saving toilets, showerheads, appliances etc. when we renovate, we choose efficient. #myChangeForClimate #SemST",Climate Change is a Real Concern,FAVOR,"1. The tweet explicitly expresses opinion about the target, a part of the target, or an aspect of the target.",pos
#Mission:#Climate @ home > Reduce . Reuse . Recycle . Replenish . Restore (by @ScrapCatalytics) #Tip #EarthRightNow #SemST,Climate Change is a Real Concern,FAVOR,"1. The tweet explicitly expresses opinion about the target, a part of the target, or an aspect of the target.",pos
BC continues to burn. If this ain't a wake up call to everyone then nothing will be #Vancouver #bcwildfires #SemST,Climate Change is a Real Concern,FAVOR,"1. The tweet explicitly expresses opinion about the target, a part of the target, or an aspect of the target.",neg
"UN, decline of 50% in crop yields in developing countries (rice,wheat,corn) over the next 35 years,especially in the tropics #SemST",Climate Change is a Real Concern,FAVOR,"1. The tweet explicitly expresses opinion about the target, a part of the target, or an aspect of the target.",neg
There is need for world economic powers to be true about climate change funding. The world needs action not empty rhetorics #SemST,Climate Change is a Real Concern,FAVOR,"1. The tweet explicitly expresses opinion about the target, a part of the target, or an aspect of the target.",neg
Scorching summers for UK by end of the century! Thank Rocks I won't be here to suffer them! :-) #SemST,Climate Change is a Real Concern,FAVOR,"1. The tweet explicitly expresses opinion about the target, a part of the target, or an aspect of the target.",pos
Climate change is an emergency. Stop denial and start taking steps. #climatehealth #SemST,Climate Change is a Real Concern,FAVOR,"1. The tweet explicitly expresses opinion about the target, a part of the target, or an aspect of the target.",neg
Climate change is a solvable problem but we need to start today. #HHDL80 #SemST,Climate Change is a Real Concern,FAVOR,"1. The tweet explicitly expresses opinion about the target, a part of the target, or an aspect of the target.",pos
@shalomshuli I'm guessing there was a lot less humidity back in the time of Moses. #SemST,Climate Change is a Real Concern,FAVOR,"1. The tweet explicitly expresses opinion about the target, a part of the target, or an aspect of the target.",neg
Are these ominous yellow #Vancouver skies making anyone else dread our climate future? #wildfires #SemST,Climate Change is a Real Concern,FAVOR,"1. The tweet explicitly expresses opinion about the target, a part of the target, or an aspect of the target.",neg
That awkward moment when a pro-coal PR campaign has over 100K more followers than you do: @AdvancedEnergy #greenwashing #SemST,Climate Change is a Real Concern,FAVOR,"1. The tweet explicitly expresses opinion about the target, a part of the target, or an aspect of the target.",neg
"Climate change financing,cc adaptation, cc and resilience,the green economy.Lots of semantics as communities waitforsolutions #SemST",Climate Change is a Real Concern,FAVOR,"1. The tweet explicitly expresses opinion about the target, a part of the target, or an aspect of the target.",other
Tonight - Academy of Science talk Tech solutions for climate change with Prof. Barry Brook #cantorandballtowers #Canberra #SemST,Climate Change is a Real Concern,FAVOR,"1. The tweet explicitly expresses opinion about the target, a part of the target, or an aspect of the target.",other
Stormiest 2014-2014 in Ireland and UK in 143 years. That saying something @NewsClimate @wattsupwiththat #SemST,Climate Change is a Real Concern,FAVOR,"1. The tweet explicitly expresses opinion about the target, a part of the target, or an aspect of the target.",other
".@ClimatParis2015, the climate science forum begins today. Follow its progress on #CFCC15 #SustainableDevelopment #SemST",Climate Change is a Real Concern,FAVOR,"1. The tweet explicitly expresses opinion about the target, a part of the target, or an aspect of the target.",pos
We need integrated #science with #indigenous knowledge to understand & adapt to #CFCC15 #SemST,Climate Change is a Real Concern,FAVOR,"1. The tweet explicitly expresses opinion about the target, a part of the target, or an aspect of the target.",pos
If we don't do anything we will be the sad generation that had the opportunity to act and didn't #CFCC15 #Journey2015 #SemST,Climate Change is a Real Concern,FAVOR,"1. The tweet explicitly expresses opinion about the target, a part of the target, or an aspect of the target.",neg
Vallaud-Belkacem: Are we the generation who knew what would happen but who did nothing? Say no! #wakeup #CFCC15 #SemST,Climate Change is a Real Concern,FAVOR,"1. The tweet explicitly expresses opinion about the target, a part of the target, or an aspect of the target.",neg
"If we do not act, we will be the generation who knew, but did not move. - @najatvb #CFCC15 #SemST",Climate Change is a Real Concern,FAVOR,"1. The tweet explicitly expresses opinion about the target, a part of the target, or an aspect of the target.",pos
The carbon clock is ticking @CarbonBubble #SurplusGas #carbon #gas #SemST,Climate Change is a Real Concern,FAVOR,"1. The tweet explicitly expresses opinion about the target, a part of the target, or an aspect of the target.",neg
#Netherlands just taught the rest of the world a very important lesson. #SemST,Climate Change is a Real Concern,NONE,2. The tweet does NOT expresses opinion about the target but it HAS opinion about something or someone other than the target.,pos
Confession: the state of the world has been getting me down lately. #deathsincustody #everydayracism #SemST,Climate Change is a Real Concern,NONE,2. The tweet does NOT expresses opinion about the target but it HAS opinion about something or someone other than the target.,neg
Great to hear @dannyksfun @kdeleon remind us #diversity needed for best #innovation #ESS15 #americaknowshow #SemST,Climate Change is a Real Concern,NONE,2. The tweet does NOT expresses opinion about the target but it HAS opinion about something or someone other than the target.,pos
"@AlharbiF I'll bomb anything I can get my hands on, especially if THEY aren't christian. #graham2016 #GOP #SemST",Climate Change is a Real Concern,NONE,2. The tweet does NOT expresses opinion about the target but it HAS opinion about something or someone other than the target.,neg
"I really can't stand the Catholic church but I think I have a crush on #PopeFrancis ! Shhhh, don't tell! #AnimalRights #SemST",Climate Change is a Real Concern,NONE,2. The tweet does NOT expresses opinion about the target but it HAS opinion about something or someone other than the target.,other
Can't wait to watch 'When Attenborough Met Obama' Should be fascinating! @POTUS #sirdavidattenborough #lovemydavid #Hero #SemST,Climate Change is a Real Concern,NONE,2. The tweet does NOT expresses opinion about the target but it HAS opinion about something or someone other than the target.,pos
Most people say that it is the intellect which makes a great scientist. They are wrong: it is character. ~ Albert Einstein #SemST,Climate Change is a Real Concern,NONE,2. The tweet does NOT expresses opinion about the target but it HAS opinion about something or someone other than the target.,pos
@CBCNews @nationalpost The human mind is incapable of dealing with that of which it has no experience #SemST,Climate Change is a Real Concern,NONE,2. The tweet does NOT expresses opinion about the target but it HAS opinion about something or someone other than the target.,other
RT @victoriaswatson: @WhiteHouse @POTUS What a wonderful exchange between two of the world's greatest men! Really touching. # #SemST,Climate Change is a Real Concern,NONE,2. The tweet does NOT expresses opinion about the target but it HAS opinion about something or someone other than the target.,pos
"I love this Pope. I don't care what religion you are, this guy is awesome. #SemST",Climate Change is a Real Concern,NONE,2. The tweet does NOT expresses opinion about the target but it HAS opinion about something or someone other than the target.,pos
"Appropriate that I'd watch the Futurama episode ""Crimes of the Hot"" before the hottest weekend so far this summer. #futurama #SemST",Climate Change is a Real Concern,NONE,"3. The tweet is not explicitly expressing opinion. (For example, the tweet is simply giving information.)",other
In the U.S. coal is dead Al Gore @Cannes_Lions #CannesLions #SemST,Climate Change is a Real Concern,NONE,2. The tweet does NOT expresses opinion about the target but it HAS opinion about something or someone other than the target.,neg
BIG #DecaYeah and Happy #Smackoff / #EichelDay to @AnthonySalerno & @EagtheDeuce #ValKilmer #Bust #SemST,Climate Change is a Real Concern,NONE,2. The tweet does NOT expresses opinion about the target but it HAS opinion about something or someone other than the target.,other
"@EnvReddit no surprise with this, @blindspotting has some ideas on how to take a holistic approach #circulareconomy #SemST",Climate Change is a Real Concern,NONE,2. The tweet does NOT expresses opinion about the target but it HAS opinion about something or someone other than the target.,pos
@shalyn67 religion / race have already been disproven by reason and science. I wonder what we can do about politics #drought #SemST,Climate Change is a Real Concern,NONE,2. The tweet does NOT expresses opinion about the target but it HAS opinion about something or someone other than the target.,neg
@jimrome @Daytripper20 Yea Yea Yea Yea #Smackoff #ValKilmer #SeeingWonder #BumSmack #SemST,Climate Change is a Real Concern,NONE,"3. The tweet is not explicitly expressing opinion. (For example, the tweet is simply giving information.)",pos
"Seriously, how many times can #Republicans be wrong? #ACA #LGBTRights #GovernmentShutdown #AutoBailout #StimulusSpending #SemST",Climate Change is a Real Concern,NONE,2. The tweet does NOT expresses opinion about the target but it HAS opinion about something or someone other than the target.,neg
Dear #seattleweather please stay exactly how you are right now. #thismorning #okaythanksbye #SemST,Climate Change is a Real Concern,NONE,2. The tweet does NOT expresses opinion about the target but it HAS opinion about something or someone other than the target.,pos
@NCRegister @peaceischrist @diocesefwsb @CatholicVote Unless it's #SemST,Climate Change is a Real Concern,NONE,2. The tweet does NOT expresses opinion about the target but it HAS opinion about something or someone other than the target.,other
@jimrome I think the 5k has got them gripping Romey #SmackOff #valkilmer #seeingwonder #SemST,Climate Change is a Real Concern,NONE,2. The tweet does NOT expresses opinion about the target but it HAS opinion about something or someone other than the target.,neg
The best call still and will always be Matt in Cleveland. #KirstieAllie #ValKilmer #SemST,Climate Change is a Real Concern,NONE,2. The tweet does NOT expresses opinion about the target but it HAS opinion about something or someone other than the target.,pos
@FlyingFree333 wow that is certainly an extreme prognostication! #gop #libertarian #SemST,Climate Change is a Real Concern,NONE,2. The tweet does NOT expresses opinion about the target but it HAS opinion about something or someone other than the target.,neg
Why is nothing being done about #SemST,Climate Change is a Real Concern,NONE,2. The tweet does NOT expresses opinion about the target but it HAS opinion about something or someone other than the target.,neg
News flash for all the haters!! THE EARTH IS ROUND! #LoveWins #SCOTUS #SemST,Climate Change is a Real Concern,NONE,2. The tweet does NOT expresses opinion about the target but it HAS opinion about something or someone other than the target.,other
Australia is leading the way. Backwards. #MarriageEquaility #auspol #SemST,Climate Change is a Real Concern,NONE,2. The tweet does NOT expresses opinion about the target but it HAS opinion about something or someone other than the target.,neg
@ClimateCentral @ChristineMilne Some people r so guilt free #SemST,Climate Change is a Real Concern,NONE,2. The tweet does NOT expresses opinion about the target but it HAS opinion about something or someone other than the target.,neg
America is changing faster like speed of the light #ConfederateTakeDown #LoveWins #SemST,Climate Change is a Real Concern,NONE,2. The tweet does NOT expresses opinion about the target but it HAS opinion about something or someone other than the target.,pos
When U think about #GOP positions on #MarriageEquality #EqualPay #Guns & #Marijuana its no surprise they don't believe in #SemST,Climate Change is a Real Concern,NONE,2. The tweet does NOT expresses opinion about the target but it HAS opinion about something or someone other than the target.,neg
The default scientific position is skepticism. #tcot #SemST,Climate Change is a Real Concern,NONE,2. The tweet does NOT expresses opinion about the target but it HAS opinion about something or someone other than the target.,neg
"Btw, @barackobama -@potus , seem as though you^ve been LOSING in the fight AGAINST . #SemST",Climate Change is a Real Concern,NONE,2. The tweet does NOT expresses opinion about the target but it HAS opinion about something or someone other than the target.,neg
Considering moving yo Antarctica as thats the only way I could possibly become more #chill #SemST,Climate Change is a Real Concern,NONE,2. The tweet does NOT expresses opinion about the target but it HAS opinion about something or someone other than the target.,neg
"This just in: Republican Primary Debates are down to topic of ""Who Wore It Better?"" #LoveWins #MarriageEquaility #Obamacare #SemST",Climate Change is a Real Concern,NONE,2. The tweet does NOT expresses opinion about the target but it HAS opinion about something or someone other than the target.,neg
@cschultzwx there has been a ton of lightning up there every other day for the past week! #lolz #SemST,Climate Change is a Real Concern,NONE,"3. The tweet is not explicitly expressing opinion. (For example, the tweet is simply giving information.)",pos
@LogixLiving my lawn is burnt two days after rain #yeg #SemST,Climate Change is a Real Concern,NONE,2. The tweet does NOT expresses opinion about the target but it HAS opinion about something or someone other than the target.,other
Negative times a negative equals a positive...wonder if that applies to emotions too??? #manthoughts #sustainablehumans #SemST,Climate Change is a Real Concern,NONE,"3. The tweet is not explicitly expressing opinion. (For example, the tweet is simply giving information.)",neg
@theresa_beh I'm just happy he's telling the @gop to wise up RE: #SemST,Climate Change is a Real Concern,NONE,2. The tweet does NOT expresses opinion about the target but it HAS opinion about something or someone other than the target.,pos
I'm in hell. I feel the fiery tips of insidious flames swiftly sauntering into my room. Or maybe I don't have AC #SemST,Climate Change is a Real Concern,NONE,"3. The tweet is not explicitly expressing opinion. (For example, the tweet is simply giving information.)",neg
Why is there no #CaptainPlanet movie??? Rt if u want one. #environment #planet #earth #SemST,Climate Change is a Real Concern,NONE,2. The tweet does NOT expresses opinion about the target but it HAS opinion about something or someone other than the target.,other
@BillMoyersHQ CONGRATULATIONS to the DUTCH!!!!!!! GOOD WORK!!!!!! #Change #SemST,Climate Change is a Real Concern,NONE,2. The tweet does NOT expresses opinion about the target but it HAS opinion about something or someone other than the target.,pos
Sunny Rainy bipolar weather. Wow real quick ma nigga #SemST,Climate Change is a Real Concern,NONE,2. The tweet does NOT expresses opinion about the target but it HAS opinion about something or someone other than the target.,neg
@irish0831 Good grief! I can feel the desperation seeping off the page. GOOD. We've got 'em on the ropes. #SemST,Climate Change is a Real Concern,NONE,2. The tweet does NOT expresses opinion about the target but it HAS opinion about something or someone other than the target.,pos
V @QueenNoor V @Guardian The Biggest Story In World Podcast @WhiteHouse @AlGore @TheHill of @GOP STUPIDITY And IGNORANCE! #SemST,Climate Change is a Real Concern,NONE,2. The tweet does NOT expresses opinion about the target but it HAS opinion about something or someone other than the target.,neg
Working with artists & culture is key to weave through the efforts we're doing #grassroots #SemST,Climate Change is a Real Concern,NONE,2. The tweet does NOT expresses opinion about the target but it HAS opinion about something or someone other than the target.,pos
@brasfildtsb He hit the nail on the head. We're (hopefully) on the edge of a paradigm shift on #SemST,Climate Change is a Real Concern,NONE,2. The tweet does NOT expresses opinion about the target but it HAS opinion about something or someone other than the target.,pos
The amount of hot takes coming from #LoveWins is the single most significant cause of . #ThanksObama #SemST,Climate Change is a Real Concern,NONE,2. The tweet does NOT expresses opinion about the target but it HAS opinion about something or someone other than the target.,pos
"@MercianRockyRex I suspect that @DanHannanMEP may well just prefer to stick to his, erm, principles on this one. #SemST",Climate Change is a Real Concern,NONE,2. The tweet does NOT expresses opinion about the target but it HAS opinion about something or someone other than the target.,other
"That #Putin chap must be extremely #confused, it stuck between 2 old now #ideologies just between you & me! ""Regards D #peace #SemST",Climate Change is a Real Concern,NONE,2. The tweet does NOT expresses opinion about the target but it HAS opinion about something or someone other than the target.,neg
I Like learning in depth about nutrition/health @TEDTalks @NetflixUK #Disease #westerndiet #Health #agriculture #SemST,Climate Change is a Real Concern,NONE,2. The tweet does NOT expresses opinion about the target but it HAS opinion about something or someone other than the target.,pos
"Hmmm, what's next re my #bucketlist I wonder in #peace in a #democratic manner re #why I'm here? #Peace #Democracy #Goal? #SemST",Climate Change is a Real Concern,NONE,2. The tweet does NOT expresses opinion about the target but it HAS opinion about something or someone other than the target.,pos
Government trusts you to listen to the narrative but never enough to let you see the proof... #SemST,Climate Change is a Real Concern,NONE,2. The tweet does NOT expresses opinion about the target but it HAS opinion about something or someone other than the target.,neg
@SpeakerBoehner @JebBush @tedcruz Denial isn't just a river in Egypt. It's #gop strategy. #racism #SemST,Climate Change is a Real Concern,NONE,2. The tweet does NOT expresses opinion about the target but it HAS opinion about something or someone other than the target.,neg
"Thx @susanbowenphoto @Omaniblog had fun in my home county, will be back later this summer with @castellscarmen-catching up 4 #SemST",Climate Change is a Real Concern,NONE,"3. The tweet is not explicitly expressing opinion. (For example, the tweet is simply giving information.)",pos
"For me watching the #ideology of #capitalism at work is like watching a ""train wreck"" in #progress! #Democracy #Goal? #Future #SemST",Climate Change is a Real Concern,NONE,2. The tweet does NOT expresses opinion about the target but it HAS opinion about something or someone other than the target.,neg
#Technology is a sign of how far we have come! The #ideology of #capitalism is a sign of how far we have to go! #Methodology #SemST,Climate Change is a Real Concern,NONE,"3. The tweet is not explicitly expressing opinion. (For example, the tweet is simply giving information.)",pos
"The + 1 is a #democratic dip in ""deeper waters"" & no more re #why I'm here, regards Dion #peace #Democracy! #Goal? #Future??? #SemST",Climate Change is a Real Concern,NONE,2. The tweet does NOT expresses opinion about the target but it HAS opinion about something or someone other than the target.,neg
"After the Millennials come the Apocalypticals. Thanks, breeders. #overpopulation #SemST",Climate Change is a Real Concern,NONE,2. The tweet does NOT expresses opinion about the target but it HAS opinion about something or someone other than the target.,neg
"Thank you to all our 300 followers, helping us to raise awareness of #HumanRights #SOSEurope #prisonersofconscience #torture #SemST",Climate Change is a Real Concern,NONE,2. The tweet does NOT expresses opinion about the target but it HAS opinion about something or someone other than the target.,pos
There's a great challenge 4 #leadershhip in #globslopportunity 2search synergetic efforts w/ their fellows to get engaged in #SemST,Climate Change is a Real Concern,NONE,"3. The tweet is not explicitly expressing opinion. (For example, the tweet is simply giving information.)",pos
"@UN - Yet another I #pray in my ""own"" way day re #why I'm online, that #important this I know! ""Regards"" Dion #peace #Future #SemST",Climate Change is a Real Concern,NONE,"3. The tweet is not explicitly expressing opinion. (For example, the tweet is simply giving information.)",pos
"First listen, then conviction, next action - Dali Lama on #Glasto2015 #SemST",Climate Change is a Real Concern,NONE,2. The tweet does NOT expresses opinion about the target but it HAS opinion about something or someone other than the target.,pos
Brilliant talk from @GeorgeMonbiot #Dali Lama @guardian #divestment is the key action for all on #Glasto2015 #SemST,Climate Change is a Real Concern,NONE,2. The tweet does NOT expresses opinion about the target but it HAS opinion about something or someone other than the target.,pos
I'm burnin up baby where u at? #hangin #hanginpls #SemST,Climate Change is a Real Concern,NONE,2. The tweet does NOT expresses opinion about the target but it HAS opinion about something or someone other than the target.,neg
"This Pope. I swear, he is about to tempt my wayward ass back to the church. #love #justice #SemST",Climate Change is a Real Concern,NONE,2. The tweet does NOT expresses opinion about the target but it HAS opinion about something or someone other than the target.,pos
"as they say touch-wood say tomorrow then I will #democratically be back this way!?!! Re's D #peace ""really"" gone #Democracy #SemST",Climate Change is a Real Concern,NONE,2. The tweet does NOT expresses opinion about the target but it HAS opinion about something or someone other than the target.,neg
#SpaceX is looking like major litterbug! Do they clean up the debris. It's $1500 if I litter hi-way. Space X #SemST,Climate Change is a Real Concern,NONE,2. The tweet does NOT expresses opinion about the target but it HAS opinion about something or someone other than the target.,neg
@realDonaldTrump - You are not very smart Donald #SemST,Climate Change is a Real Concern,NONE,"1. The tweet explicitly expresses opinion about the target, a part of the target, or an aspect of the target.",neg
#Republican party will go down in history books as party that stood in the way of #gayrights and initiative to reverse #SemST,Climate Change is a Real Concern,NONE,2. The tweet does NOT expresses opinion about the target but it HAS opinion about something or someone other than the target.,neg
@carol_holman @heifer109 i always said that Democrats would tax the weather if they could #SemST,Climate Change is a Real Concern,NONE,2. The tweet does NOT expresses opinion about the target but it HAS opinion about something or someone other than the target.,neg
@ChelseaMAGOP He's not perfect. Who among us is? ;-) #encyclical #SemST,Climate Change is a Real Concern,NONE,2. The tweet does NOT expresses opinion about the target but it HAS opinion about something or someone other than the target.,neg
"Barack Obama meets David Attenborough, I'm so ready for this and I cannot wait! 89 year's old and always on form #legend #SemST",Climate Change is a Real Concern,NONE,2. The tweet does NOT expresses opinion about the target but it HAS opinion about something or someone other than the target.,pos
Amazing interview with @POTUS and David Attenborough #SemST,Climate Change is a Real Concern,NONE,"3. The tweet is not explicitly expressing opinion. (For example, the tweet is simply giving information.)",pos
#vatican will be destroyed the most vile creatures ever the creators of #islam #sodomising #children #fakestine and #SemST,Climate Change is a Real Concern,NONE,2. The tweet does NOT expresses opinion about the target but it HAS opinion about something or someone other than the target.,neg
@thewest_com_au @Pammieoz we're way behind everybody on just about everything #gaymarriage #asylumseekers #SemST,Climate Change is a Real Concern,NONE,2. The tweet does NOT expresses opinion about the target but it HAS opinion about something or someone other than the target.,neg
"Oh: Watching the #news re #Greece currently, it's ([all]) #relative re #why I'm here! Re's D #peace #GMS #Democracy #Goal??? #SemST",Climate Change is a Real Concern,NONE,2. The tweet does NOT expresses opinion about the target but it HAS opinion about something or someone other than the target.,other
Glad for the millions of lives improved this week. Now let's set our sights on helping millions more. #ImmigrationAction #SemST,Climate Change is a Real Concern,NONE,2. The tweet does NOT expresses opinion about the target but it HAS opinion about something or someone other than the target.,pos
"Can @BarackObama use $866,615 of jet fuel on His #EarthDay trip to Florida? YES HE CAN!!! -mao @POTUS #FAIL #SemST",Climate Change is a Real Concern,NONE,2. The tweet does NOT expresses opinion about the target but it HAS opinion about something or someone other than the target.,neg
Building Renovations. Turn $10MM into $1MMM over time. #business #money #wallstreet #enterprise #entrepreneur #engineering #SemST,Climate Change is a Real Concern,NONE,"3. The tweet is not explicitly expressing opinion. (For example, the tweet is simply giving information.)",pos
#AnnapurnaVancheswaran says it took 2 years to cut through the #bureaucracy & speak to Indian #government about #pivotal15 #SemST,Climate Change is a Real Concern,NONE,2. The tweet does NOT expresses opinion about the target but it HAS opinion about something or someone other than the target.,pos
#KCA #VoteJKT48ID ENGIEgroup: #ENGIE 9 new #COP21 solutions and more here > #SemST,Climate Change is a Real Concern,NONE,"3. The tweet is not explicitly expressing opinion. (For example, the tweet is simply giving information.)",other
There are NO two sides to this discussion. --@StopMotionsolo #SemST,Climate Change is a Real Concern,NONE,2. The tweet does NOT expresses opinion about the target but it HAS opinion about something or someone other than the target.,neg
"QT @BarackObama ""I don't have much patience for anyone who denies that this challenge is real."" 1/2 #SemST",Climate Change is a Real Concern,NONE,"3. The tweet is not explicitly expressing opinion. (For example, the tweet is simply giving information.)",neg
SA has played an instrumental role in rallying other BASIC countries to strengthen South-South cooperation on matters around #SemST,Climate Change is a Real Concern,NONE,"3. The tweet is not explicitly expressing opinion. (For example, the tweet is simply giving information.)",pos
Do #Catholics follow #God's word or this #Pope's ramblings? #SemST,Climate Change is a Real Concern,NONE,2. The tweet does NOT expresses opinion about the target but it HAS opinion about something or someone other than the target.,neg
Dallas still hasn't hit 100 this year. #SemST,Climate Change is a Real Concern,NONE,"3. The tweet is not explicitly expressing opinion. (For example, the tweet is simply giving information.)",other
"The same ppl who think Paul spoke ""for God"" when denouncing gays also think the current Pope does not speak for God. #SemST",Climate Change is a Real Concern,NONE,2. The tweet does NOT expresses opinion about the target but it HAS opinion about something or someone other than the target.,neg
"President Tong tells story of vulnerability & resilience of #Kiribati, #Maldives & other low-lying states & SIDS #Action2015 #SemST",Climate Change is a Real Concern,NONE,"3. The tweet is not explicitly expressing opinion. (For example, the tweet is simply giving information.)",pos
"We need to work with confidence, transparence and guided by consensus @manupulgarvidal at @UN_PGA event on #action2015 #SemST",Climate Change is a Real Concern,NONE,"1. The tweet explicitly expresses opinion about the target, a part of the target, or an aspect of the target.",pos
"Road to #Paris2015 ""#ADP2015 co-chairs' new tool will be presented on July 24th"" @manupulgarvidal at @UN_PGA event on #SemST",Climate Change is a Real Concern,NONE,"3. The tweet is not explicitly expressing opinion. (For example, the tweet is simply giving information.)",pos
#Equity #financial #solidarity and #transparency is what #2015text needs says #Fabius at #UN #GA #SemST,Climate Change is a Real Concern,NONE,"3. The tweet is not explicitly expressing opinion. (For example, the tweet is simply giving information.)",neg
Minister @manupulgarvidal about the importance of #INDCs to build momentum to #Paris2015 at press conference at #UN #SemST,Climate Change is a Real Concern,NONE,"3. The tweet is not explicitly expressing opinion. (For example, the tweet is simply giving information.)",other
Why Is The Pope Upset? via @HuffPostComedy #UnzippedTruth #PopeFrancis #SemST,Climate Change is a Real Concern,NONE,2. The tweet does NOT expresses opinion about the target but it HAS opinion about something or someone other than the target.,other
"these days this I #know! I #implemented it years ago & simply walked away but I know, regards Dion #peace #Democracy! #Goal?? #SemST",Climate Change is a Real Concern,NONE,2. The tweet does NOT expresses opinion about the target but it HAS opinion about something or someone other than the target.,other
#SEBAMM #SEB2015: Prtner explains the work of the #IPCC #SemST,Climate Change is a Real Concern,NONE,"3. The tweet is not explicitly expressing opinion. (For example, the tweet is simply giving information.)",other
Pope Francis really makin the rounds #PopeFrancis #SemST,Climate Change is a Real Concern,NONE,2. The tweet does NOT expresses opinion about the target but it HAS opinion about something or someone other than the target.,pos
@bendicoot Shit. Who set the Supreme Court to Evil again? #SemST,Climate Change is a Real Concern,NONE,2. The tweet does NOT expresses opinion about the target but it HAS opinion about something or someone other than the target.,neg
Ballot paper posted @timfarron has my vote for leader. Our Liberal voice will be heard #HumanRightsAct #AffordableHousing #SemST,Climate Change is a Real Concern,NONE,2. The tweet does NOT expresses opinion about the target but it HAS opinion about something or someone other than the target.,pos
I am thinking of turning the central heating off. :) #SemST,Climate Change is a Real Concern,NONE,"3. The tweet is not explicitly expressing opinion. (For example, the tweet is simply giving information.)",other
If like me you felt voiceless then listen to @timfarron #libdemfightback fighting for the #HumanRightsAct #AffordableHousing #SemST,Climate Change is a Real Concern,NONE,2. The tweet does NOT expresses opinion about the target but it HAS opinion about something or someone other than the target.,pos
"China, I had plans to work on other things today. Rude. #EUChina #SemST",Climate Change is a Real Concern,NONE,2. The tweet does NOT expresses opinion about the target but it HAS opinion about something or someone other than the target.,neg
"Went for a run, now I can't feel my legs and my brain feels like it's boiling. #SemST",Climate Change is a Real Concern,NONE,"3. The tweet is not explicitly expressing opinion. (For example, the tweet is simply giving information.)",neg
@RBJRON @fedupofpollys @Jolly57La We should worry about the state he's going to leave #Australia in. #NBN Fraudband #refugees #SemST,Climate Change is a Real Concern,NONE,2. The tweet does NOT expresses opinion about the target but it HAS opinion about something or someone other than the target.,neg
At the UN with crew now :) @Trashis4Tossers #SemST,Climate Change is a Real Concern,NONE,"3. The tweet is not explicitly expressing opinion. (For example, the tweet is simply giving information.)",pos
@eilonwya10 Those items need to come back. #SemST,Climate Change is a Real Concern,NONE,2. The tweet does NOT expresses opinion about the target but it HAS opinion about something or someone other than the target.,other
Good news #SCOTUS confirmed the #UN has ZERO authority of U.S. property or enforcement. Who cares what the elites say! #COP21 #SemST,Climate Change is a Real Concern,NONE,2. The tweet does NOT expresses opinion about the target but it HAS opinion about something or someone other than the target.,pos
".@RobSilver What are the chances, @irbrodie? #Kyoto #CPC? #cdnpoli #SemST",Climate Change is a Real Concern,NONE,2. The tweet does NOT expresses opinion about the target but it HAS opinion about something or someone other than the target.,other
@heidtjj @DJRMewzique @Mikeh_6 @marklindesr @fatherjonathan I think we found something more dangerous to America than #SemST,Climate Change is a Real Concern,NONE,2. The tweet does NOT expresses opinion about the target but it HAS opinion about something or someone other than the target.,neg
@NaughtyBeyotch He Is psychic 2 Huh #SemST,Climate Change is a Real Concern,NONE,2. The tweet does NOT expresses opinion about the target but it HAS opinion about something or someone other than the target.,neg
It's nights like this when I'm not so fond of my long hair. I just wanna chop it all off! #heatwave #pnwgirl #SemST,Climate Change is a Real Concern,NONE,2. The tweet does NOT expresses opinion about the target but it HAS opinion about something or someone other than the target.,neg
Australia...your turn to watch Obama & Attenborough @ABCenvironment #SemST,Climate Change is a Real Concern,NONE,2. The tweet does NOT expresses opinion about the target but it HAS opinion about something or someone other than the target.,other
#TonyAbbott hope you're watching President Obama talking about #SemST,Climate Change is a Real Concern,NONE,2. The tweet does NOT expresses opinion about the target but it HAS opinion about something or someone other than the target.,pos
"It's ""mindblowing"" to me to watch this, #SirDavidAttenborough. #SemST",Climate Change is a Real Concern,NONE,2. The tweet does NOT expresses opinion about the target but it HAS opinion about something or someone other than the target.,pos
David Attenborough being interviewed by President Obama is brilliant & fascinating viewing #ForeignCorrespondent #ABC #tunein #SemST,Climate Change is a Real Concern,NONE,2. The tweet does NOT expresses opinion about the target but it HAS opinion about something or someone other than the target.,pos
@metaceptive @jmgamerorus gutted I've missed this would have loved to hear this talk. Africa represented #SemST,Climate Change is a Real Concern,NONE,2. The tweet does NOT expresses opinion about the target but it HAS opinion about something or someone other than the target.,pos
"@rupertmurdoch - feel! I'll bin this one & upload a newer mix in a few days see which version you like better, re's D #peace #SemST",Climate Change is a Real Concern,NONE,2. The tweet does NOT expresses opinion about the target but it HAS opinion about something or someone other than the target.,pos
There has never been a better time to get the heck out of California. #vaccines #science #gmo #bees #autism #gmo #sb277 #SemST,Climate Change is a Real Concern,NONE,2. The tweet does NOT expresses opinion about the target but it HAS opinion about something or someone other than the target.,neg
"I bet as a species, Man farts more today due to: Soda, Carbonated Beverages & Fast Food than any other recorded era before. #SemST",Climate Change is a Real Concern,NONE,2. The tweet does NOT expresses opinion about the target but it HAS opinion about something or someone other than the target.,neg
"As a general rule, mandatory things of all kinds should be refused. #vaccines #gmo #science #bees #fitness #sb277 #nutrition #SemST",Climate Change is a Real Concern,NONE,2. The tweet does NOT expresses opinion about the target but it HAS opinion about something or someone other than the target.,neg
"@DeanLeh @earthguardianz excellent speech! Well done. showed ur video to Birdie,she is ready to be part of the change. #rise #SemST",Climate Change is a Real Concern,NONE,2. The tweet does NOT expresses opinion about the target but it HAS opinion about something or someone other than the target.,pos
@JodyBland the real question is do you feel safe driving a Prius through Harrison? #SemST,Climate Change is a Real Concern,NONE,2. The tweet does NOT expresses opinion about the target but it HAS opinion about something or someone other than the target.,other
#Transpregnancy #transgender is a major reason why scientists can't find a cure to #cancer #aids #SemST,Climate Change is a Real Concern,NONE,2. The tweet does NOT expresses opinion about the target but it HAS opinion about something or someone other than the target.,neg
Thanks #MarcLevine & #Ilike_Mike for supporting legislation on #SemST,Climate Change is a Real Concern,NONE,2. The tweet does NOT expresses opinion about the target but it HAS opinion about something or someone other than the target.,pos
"@FireUntildawn @chriskkenny Let me guess. You're a LYING, RABID LEFTIST/WARMIST USED TO TWISTING FACTS TO FURTHER YOUR AGENDA #SemST",Climate Change is a Real Concern,NONE,2. The tweet does NOT expresses opinion about the target but it HAS opinion about something or someone other than the target.,neg
@heartlandinst The French? you mean the nation that builds tanks with a rear view mirror and six gears in reverse. #SemST,Climate Change is a Real Concern,NONE,2. The tweet does NOT expresses opinion about the target but it HAS opinion about something or someone other than the target.,neg
My dogs are #panting to the beat of my music! #SemST,Climate Change is a Real Concern,NONE,2. The tweet does NOT expresses opinion about the target but it HAS opinion about something or someone other than the target.,pos
"@Reince #GOPClownCar a shame #gop considers ""HRC emails"" more disconcerting than #jobs #infrastructure #education #SemST",Climate Change is a Real Concern,NONE,2. The tweet does NOT expresses opinion about the target but it HAS opinion about something or someone other than the target.,neg
".@solarimpulse I see this pick up on the rwy with the ""Follow me Andr"" sign... It should be the other way round ! #SemST",Climate Change is a Real Concern,NONE,2. The tweet does NOT expresses opinion about the target but it HAS opinion about something or someone other than the target.,neg
U.S. Should hold referendum prior to Paris talks to gauge American support for dealing (hopefully leading) on #SemST,Climate Change is a Real Concern,NONE,2. The tweet does NOT expresses opinion about the target but it HAS opinion about something or someone other than the target.,other
"Audio world, look out! There's a new sheriff in town #audio #music #world #entrepreneur #love #life #SemST",Climate Change is a Real Concern,NONE,"3. The tweet is not explicitly expressing opinion. (For example, the tweet is simply giving information.)",pos
"Evening @algore, any #democratic thoughts as yet? I get #bored easy re the #politics of it all hop hop, regards D #peace #GMS #SemST",Climate Change is a Real Concern,NONE,2. The tweet does NOT expresses opinion about the target but it HAS opinion about something or someone other than the target.,neg
.@CreeClayton wonderful to find you on twitter. Meet @masroora a Canadian working in #SemST,Climate Change is a Real Concern,NONE,"3. The tweet is not explicitly expressing opinion. (For example, the tweet is simply giving information.)",pos
"@POTUS , before we can defeat ISIS we first must defeat #SemST",Climate Change is a Real Concern,NONE,"3. The tweet is not explicitly expressing opinion. (For example, the tweet is simply giving information.)",other
Pittsburgh had a Regatta without boats. River full of debris and swift currents. Too dangerous #SemST,Climate Change is a Real Concern,NONE,2. The tweet does NOT expresses opinion about the target but it HAS opinion about something or someone other than the target.,neg
Great meeting @balboalice and @CTwigg1 today to discuss Future Cities and how UK expertise can be shared & applied in #China #SemST,Climate Change is a Real Concern,NONE,2. The tweet does NOT expresses opinion about the target but it HAS opinion about something or someone other than the target.,pos
@RepTomMarino my priority is to address #SemST,Climate Change is a Real Concern,NONE,2. The tweet does NOT expresses opinion about the target but it HAS opinion about something or someone other than the target.,other
RT @MediaRage: One of the most brilliant BS stories created by man to subjugate others: #LeftistLiesIsBS #SemST,Climate Change is a Real Concern,NONE,2. The tweet does NOT expresses opinion about the target but it HAS opinion about something or someone other than the target.,neg
"COPS, UN conferences, board room meetings till when shall this continue when innocent lives and livelihoods are lost. #SemST",Climate Change is a Real Concern,NONE,2. The tweet does NOT expresses opinion about the target but it HAS opinion about something or someone other than the target.,neg
Try to create the world you want to live in. @dalailama #WithCompassion #SemST,Climate Change is a Real Concern,NONE,2. The tweet does NOT expresses opinion about the target but it HAS opinion about something or someone other than the target.,pos
RT @fadoben60: When the rate of #Utilisation exceeds the rate of #Regeneration then it calls for #DEGRADATION. #michachallen... #SemST,Climate Change is a Real Concern,NONE,2. The tweet does NOT expresses opinion about the target but it HAS opinion about something or someone other than the target.,neg
#SavingMyTomorrow @HBO why are you guys not promoting this like crazy???? #HBO #SemST,Climate Change is a Real Concern,NONE,2. The tweet does NOT expresses opinion about the target but it HAS opinion about something or someone other than the target.,neg
@davidakin @lraitt Installing new #ForestFire navigation systems? #NoKinderMorgan #NoTarSands #cdnpoli #SemST,Climate Change is a Real Concern,NONE,"3. The tweet is not explicitly expressing opinion. (For example, the tweet is simply giving information.)",other
I'm gonna side with the really smart and well educated folks on this one guys. #SemST,Climate Change is a Real Concern,NONE,2. The tweet does NOT expresses opinion about the target but it HAS opinion about something or someone other than the target.,pos
@AssaadRazzouk @TheEarthNetwork @wynnandreid USA is behind....due to IDIOCY #SemST,Climate Change is a Real Concern,NONE,2. The tweet does NOT expresses opinion about the target but it HAS opinion about something or someone other than the target.,neg
@Revelation1217 @erotao The Snow is melting? #TCOT #SemST,Climate Change is a Real Concern,NONE,2. The tweet does NOT expresses opinion about the target but it HAS opinion about something or someone other than the target.,other
@WSJ images like this make me fearful that the next epidemic must be coming soon. #overpopulation #SemST,Climate Change is a Real Concern,NONE,2. The tweet does NOT expresses opinion about the target but it HAS opinion about something or someone other than the target.,neg
@Muskoka247 @Muskoka411 You're proud of that? #ShoalLake #boilwater #FortChip #cancer #Vanuatu #BalaFalls #landscapingissues #SemST,Climate Change is a Real Concern,NONE,2. The tweet does NOT expresses opinion about the target but it HAS opinion about something or someone other than the target.,neg
The #MNTwins game is going really fast tonight. More proof of #SemST,Climate Change is a Real Concern,NONE,2. The tweet does NOT expresses opinion about the target but it HAS opinion about something or someone other than the target.,pos
@noel_kck @TomSteyer @BillNye @POTUS Further proof of #SemST,Climate Change is a Real Concern,NONE,2. The tweet does NOT expresses opinion about the target but it HAS opinion about something or someone other than the target.,other
Wish everyone wasn't so pale this season #suntan #babyoil #TheBachelorette #SemST,Climate Change is a Real Concern,NONE,2. The tweet does NOT expresses opinion about the target but it HAS opinion about something or someone other than the target.,neg
"National announces plan to put out fire in pantry. Rest of the house can burn baby, burn. #sameoldshit #SemST",Climate Change is a Real Concern,NONE,2. The tweet does NOT expresses opinion about the target but it HAS opinion about something or someone other than the target.,neg
Rt easyprintitja: Rt FirstKingTre: Freak #rain in Kingston #Jamaica.. sudden #skuii876 #SemST,Climate Change is a Real Concern,NONE,"3. The tweet is not explicitly expressing opinion. (For example, the tweet is simply giving information.)",other
"#TakeDownTheFlag & #LoveWins represent tectonic cultural shifts, thanks in no small part 2 Twitter & Facebook. Imagine same 4 #SemST",Climate Change is a Real Concern,NONE,2. The tweet does NOT expresses opinion about the target but it HAS opinion about something or someone other than the target.,neg
I expected New Zealand's so-called leaders to show leadership. Instead they show weak-minded ignorance. Laggardship. #SemST,Climate Change is a Real Concern,NONE,2. The tweet does NOT expresses opinion about the target but it HAS opinion about something or someone other than the target.,neg
11% reduction is this a joke? Our govt seems to be more concerned about flag change than #SemST,Climate Change is a Real Concern,NONE,"3. The tweet is not explicitly expressing opinion. (For example, the tweet is simply giving information.)",neg
".@whelan60 ""While this debate goes on, yet more time is wasted."" #thedrum #SemST",Climate Change is a Real Concern,NONE,"3. The tweet is not explicitly expressing opinion. (For example, the tweet is simply giving information.)",neg